raceId,driverId,lap,lapTime
1,1,1,85.52893230731993
1,2,1,85.6198103173097
1,1,2,84.36765056960658
1,2,2,84.4666375252534
1,1,3,83.96478258732277
1,2,3,85.16848551664214
1,1,4,84.79291601111295
1,2,4,83.46332124147884
1,1,5,84.88063331474034
1,2,5,86.08890675625452
1,1,6,86.34152617506487
1,2,6,84.90865042692597
1,1,7,82.47186698722258
1,2,7,85.00433564380354
1,1,8,85.95750555405687
1,2,8,85.49892608139858
1,1,9,83.99482449302545
1,2,9,85.2508220857979
1,1,10,84.57633740116648
1,2,10,83.58206988616244
1,1,11,84.79967931085
1,2,11,87.22051226055109
1,1,12,84.90701997512775
1,2,12,86.01567821593582
1,1,13,85.67834512112967
1,2,13,87.64082859140086
1,1,14,83.76284614778228
1,2,14,84.7087022946042
1,1,15,84.9585224730426
1,2,15,84.51528397800628
1,1,16,86.19623056480569
1,2,16,87.00556308134405
1,1,17,86.78748644154084
1,2,17,85.3330253199669
1,1,18,85.71907514553459
1,2,18,85.39596640565281
1,1,19,84.61923710537667
1,2,19,85.41155239019629
1,1,20,84.10794726373675
1,2,20,84.49182568120767
1,1,21,84.86908404994693
1,2,21,84.72489307129955
1,1,22,85.59393635773215
1,2,22,86.6032525191294
1,1,23,85.75811354301001
1,2,23,83.95231421185177
1,1,24,86.145807096805
1,2,24,86.98625731424636
1,1,25,83.4363020483831
1,2,25,85.90518139435243
1,1,26,86.42098199611333
1,2,26,84.1537905340523
1,1,27,86.56391021467047
1,2,27,84.33943791560492
1,1,28,83.74433357548902
1,2,28,85.05082458690549
1,1,29,86.05530637008764
1,2,29,84.72037469223363
1,1,30,85.48443239880125
1,2,30,84.96961150413507
1,1,31,84.85133818450873
1,2,31,86.19248695116828
1,1,32,86.67822518283587
1,2,32,85.21479243205735
1,1,33,84.22052536822106
1,2,33,85.40215514510689
1,1,34,86.63291304232537
1,2,34,86.16282571884886
1,1,35,85.73779709301601
1,2,35,86.0480303942139
1,1,36,86.06760177183763
1,2,36,86.79882780647155
1,1,37,87.36586563760756
1,2,37,84.45847781731419
1,1,38,87.99538029499803
1,2,38,85.28645919917241
1,1,39,87.13938010631398
1,2,39,84.75511491148636
1,1,40,87.06993802231564
1,2,40,84.84525103207729
1,1,41,85.44179508642482
1,2,41,86.8136648373845
1,1,42,86.91113525284855
1,2,42,85.5764307860935
1,1,43,87.04560378940792
1,2,43,85.22707914423185
1,1,44,87.49886977611197
1,2,44,86.31007418391647
1,1,45,87.50518537573039
1,2,45,87.07087150933323
1,1,46,86.55388885093923
1,2,46,86.19846077896285
1,1,47,85.30561218248326
1,2,47,85.12890818351765
1,1,48,84.99355396087336
1,2,48,85.32941236998903
1,1,49,85.92452007494303
1,2,49,86.68266899339268
1,1,50,86.61539255062725
1,2,50,86.35779733295595
1,1,51,87.23143029467381
1,2,51,86.07119554910547
1,1,52,87.32697926778722
1,2,52,86.32638843677526
1,1,53,86.27319500082342
1,2,53,85.92317485280236
1,1,54,86.16053142949946
1,2,54,86.67727564544803
1,1,55,86.18173202393764
1,2,55,86.52183189108173
1,1,56,84.85571314356315
1,2,56,85.7177012238913
2,1,1,86.03415493424329
2,2,1,85.28567083319875
2,1,2,86.64873378407988
2,2,2,83.47488991087536
2,1,3,86.41675995858004
2,2,3,85.68186373867358
2,1,4,83.8853706749374
2,2,4,86.83728622893871
2,1,5,86.52239112959192
2,2,5,85.28835169117087
2,1,6,86.43230558933341
2,2,6,85.73028445541749
2,1,7,84.79336316546045
2,2,7,84.87245741115123
2,1,8,83.86684050025582
2,2,8,84.54323670369975
2,1,9,84.37940187871874
2,2,9,83.98588347497913
2,1,10,84.73085761598688
2,2,10,85.80909031085899
2,1,11,84.3057882020189
2,2,11,83.1125220793802
2,1,12,87.08571127893009
2,2,12,87.0243222561603
2,1,13,84.73795538577967
2,2,13,86.41080299442615
2,1,14,83.74866989749529
2,2,14,82.85457281479206
2,1,15,83.85679151355849
2,2,15,85.26609216637814
2,1,16,86.15444798756245
2,2,16,84.83325574584848
2,1,17,85.90153999797931
2,2,17,86.08961077917107
2,1,18,85.69509348945532
2,2,18,83.13522862593139
2,1,19,84.03106730522899
2,2,19,86.47805103363388
2,1,20,84.42458946302601
2,2,20,85.03244310034428
2,1,21,84.98175262043158
2,2,21,85.83779612817015
2,1,22,86.54457486494907
2,2,22,87.32487905192703
2,1,23,85.59585222832145
2,2,23,86.81722868854516
2,1,24,84.77143846583388
2,2,24,86.12308312848103
2,1,25,85.57041702106191
2,2,25,86.92615514085558
2,1,26,84.68506723124986
2,2,26,86.6791848896798
2,1,27,85.75686919714869
2,2,27,85.71353535578984
2,1,28,86.68765113832004
2,2,28,85.25489219813535
2,1,29,86.83154642408084
2,2,29,86.62543865124552
2,1,30,85.35663591506692
2,2,30,84.39006855818992
2,1,31,87.31534448775764
2,2,31,84.16566088122323
2,1,32,86.62666030376715
2,2,32,85.65870925347629
2,1,33,84.04897807571903
2,2,33,87.3885307558985
2,1,34,86.8675616237793
2,2,34,86.66396463106766
2,1,35,86.69272714983894
2,2,35,85.71876856462235
2,1,36,87.20007734138018
2,2,36,85.87674084964942
2,1,37,85.46909870011605
2,2,37,85.55930127637265
2,1,38,84.42574554376468
2,2,38,85.17126287698427
2,1,39,84.95167283325362
2,2,39,85.34704889120499
2,1,40,86.50559813372953
2,2,40,86.54102031798595
2,1,41,87.85435833519692
2,2,41,86.99157415312341
2,1,42,84.19196568411336
2,2,42,87.48750756753121
2,1,43,85.85681759430092
2,2,43,85.63561181524406
2,1,44,85.60458738073659
2,2,44,84.54617212965132
2,1,45,86.91278923088002
2,2,45,87.74903550630205
2,1,46,86.15843140108512
2,2,46,84.58430536744771
2,1,47,87.46068598706923
2,2,47,85.25149227802127
2,1,48,86.31346996514698
2,2,48,86.38080626116891
2,1,49,86.10350891928717
2,2,49,87.34892313966147
2,1,50,86.2938386320269
2,2,50,85.91792902483205
2,1,51,85.4854223091257
2,2,51,85.45793356224185
3,1,1,84.65363643432528
3,2,1,87.08708756265038
3,1,2,85.73373275067252
3,2,2,86.30276323167342
3,1,3,85.56604552584966
3,2,3,87.25706692801384
3,1,4,87.24949246037761
3,2,4,83.74974528204775
3,1,5,85.48186247598929
3,2,5,86.93868019390638
3,1,6,84.79573459986143
3,2,6,85.1829110029762
3,1,7,85.95010846537244
3,2,7,86.50248554590614
3,1,8,84.74159312304272
3,2,8,84.42118820486299
3,1,9,84.43810579553754
3,2,9,86.00376535365284
3,1,10,83.12020427415753
3,2,10,86.4813256799175
3,1,11,86.2111816886495
3,2,11,86.34594928153133
3,1,12,87.60640956290423
3,2,12,86.00365310410311
3,1,13,86.25946487404877
3,2,13,85.22007141904615
3,1,14,85.59178682740895
3,2,14,84.03718107421732
3,1,15,85.1803243668127
3,2,15,86.581484391701
3,1,16,87.38426045358301
3,2,16,85.84050099604399
3,1,17,84.1953778051017
3,2,17,86.74676910651847
3,1,18,84.51973730292625
3,2,18,84.5269648326269
3,1,19,84.64559920085554
3,2,19,84.35307397817517
3,1,20,85.86506575719918
3,2,20,84.99004500590564
3,1,21,84.13287688180677
3,2,21,83.71038390191377
3,1,22,84.49478293924464
3,2,22,84.4116641896926
3,1,23,85.25677149927313
3,2,23,86.37938932791016
3,1,24,86.18090056752479
3,2,24,86.87100514803598
3,1,25,86.35120700956469
3,2,25,86.11219731143103
3,1,26,84.81311561980783
3,2,26,85.12807801118625
3,1,27,84.51848951108032
3,2,27,87.10253737486798
3,1,28,85.94096650418045
3,2,28,85.84309054852207
3,1,29,85.60110124447661
3,2,29,84.23408724654394
3,1,30,83.70640314616259
3,2,30,84.21288527099092
3,1,31,84.09134266491225
3,2,31,86.14265304005104
3,1,32,87.51979869686555
3,2,32,86.16431045095683
3,1,33,85.9669443386512
3,2,33,85.87954790175603
3,1,34,84.4089800248003
3,2,34,85.15504368234575
3,1,35,85.82399670621253
3,2,35,88.30519573066101
3,1,36,83.68620687356973
3,2,36,85.01635895956734
3,1,37,84.40931553068081
3,2,37,84.80301027582271
3,1,38,85.52030345773589
3,2,38,86.7085657808792
3,1,39,87.04504247170627
3,2,39,86.33198318045699
3,1,40,84.4665999638292
3,2,40,86.75916439526874
3,1,41,86.09443745166723
3,2,41,85.61076955500391
3,1,42,84.91346345384524
3,2,42,85.95866851700515
3,1,43,83.72798501148772
3,2,43,86.22071109532173
3,1,44,85.22624362108903
3,2,44,84.82650826820309
3,1,45,85.01871116990047
3,2,45,84.83168323360678
3,1,46,85.78769764981995
3,2,46,86.1183730449579
3,1,47,86.17261107239965
3,2,47,86.54046391483654
3,1,48,87.2981014996715
3,2,48,87.23325350037373
3,1,49,87.5177088944859
3,2,49,84.66130808646749
3,1,50,86.27537321202347
3,2,50,86.93207998903956
3,1,51,85.32744355738835
3,2,51,84.76384164892362
3,1,52,86.77226294751559
3,2,52,85.8566055858152
3,1,53,86.26001014432693
3,2,53,86.81418419911404
3,1,54,84.74516463590211
3,2,54,84.87928183594198
4,1,1,85.7849170808274
4,2,1,83.74673387621695
4,1,2,83.77881143941023
4,2,2,85.20149951103159
4,1,3,84.63123631460644
4,2,3,85.18227799003675
4,1,4,86.32294746337477
4,2,4,86.55367969721647
4,1,5,86.43260791138631
4,2,5,84.6353209332752
4,1,6,85.49716753681844
4,2,6,85.33841130532927
4,1,7,84.82868583355875
4,2,7,84.44259582987975
4,1,8,85.31267543718968
4,2,8,86.622485971772
4,1,9,84.56515997452159
4,2,9,85.19117483502941
4,1,10,86.52078647837061
4,2,10,86.490605921498
4,1,11,84.3348694367332
4,2,11,85.18664460630387
4,1,12,86.96377037210289
4,2,12,83.25664991342333
4,1,13,85.77698625211009
4,2,13,85.27497014320721
4,1,14,85.62628849754171
4,2,14,84.39021962943872
4,1,15,84.09899730686838
4,2,15,84.07679377044468
4,1,16,84.47027707651662
4,2,16,85.07331667344846
4,1,17,85.12270492290617
4,2,17,85.30602910663342
4,1,18,84.48799321629444
4,2,18,85.89481692526535
4,1,19,85.70191418929491
4,2,19,83.97042328554043
4,1,20,84.67955281540263
4,2,20,83.0837788988361
4,1,21,85.37605720495542
4,2,21,84.16136202525408
4,1,22,86.91366930055192
4,2,22,84.4261460211408
4,1,23,86.22960349454715
4,2,23,84.6189626085893
4,1,24,84.53579938200512
4,2,24,84.58959962219008
4,1,25,85.0643975845629
4,2,25,86.55226120698131
4,1,26,86.43402412876402
4,2,26,84.66538464672095
4,1,27,85.78425612584908
4,2,27,86.57407560993944
4,1,28,85.32397483190684
4,2,28,85.05233428979435
4,1,29,84.96274514767357
4,2,29,86.66192953621128
4,1,30,87.88577252174588
4,2,30,86.69439419706957
4,1,31,85.62107756902259
4,2,31,85.49623764119755
4,1,32,85.94048974094693
4,2,32,84.3113034194451
4,1,33,86.40783916856051
4,2,33,86.42597434671214
4,1,34,87.81783114731137
4,2,34,87.26542392904254
4,1,35,85.0064844439592
4,2,35,83.82625629399104
4,1,36,87.58227614766467
4,2,36,85.05028240410591
4,1,37,86.55002984636108
4,2,37,87.49387795515936
4,1,38,85.83612635336382
4,2,38,86.03267218030228
4,1,39,86.07939985890438
4,2,39,86.46118054379096
4,1,40,85.78431046331164
4,2,40,87.4105858774748
4,1,41,84.97376229211746
4,2,41,85.78450498395516
4,1,42,86.06949439492799
4,2,42,85.62834428249604
4,1,43,84.15639833860997
4,2,43,88.17409613009629
4,1,44,87.50956678780169
4,2,44,86.65984026064407
4,1,45,84.5965842595099
4,2,45,86.4312388404094
4,1,46,85.82630635018519
4,2,46,84.82754635958226
4,1,47,86.09727379043171
4,2,47,84.6464116431908
4,1,48,86.12056540831107
4,2,48,88.35309627513313
4,1,49,86.58844670337103
4,2,49,85.24430972780206
4,1,50,84.79307381368403
4,2,50,86.8777120888064
4,1,51,87.17924781632018
4,2,51,86.27644573221778
4,1,52,87.32564329925245
4,2,52,85.2780910054903
4,1,53,85.12665623237945
4,2,53,84.97170524643043
4,1,54,87.58730879217684
4,2,54,85.18362223739798
4,1,55,85.34507764225492
4,2,55,87.03370180044355
4,1,56,87.40784520024641
4,2,56,85.57647705992946
5,1,1,85.90393198463053
5,2,1,84.65599247731222
5,1,2,82.75702606265729
5,2,2,86.9784218479566
5,1,3,84.39409410865262
5,2,3,86.04309037622401
5,1,4,86.04636921076029
5,2,4,86.02802686937952
5,1,5,84.79602830580755
5,2,5,84.64339330573488
5,1,6,84.21292877654054
5,2,6,85.79256939428812
5,1,7,86.82115857440635
5,2,7,86.34483604176083
5,1,8,86.8710898581263
5,2,8,84.56905195550438
5,1,9,83.19860470391316
5,2,9,84.21147961099804
5,1,10,85.24880939005001
5,2,10,84.66282511993973
5,1,11,86.33971173250337
5,2,11,83.51844675100772
5,1,12,86.10824857904943
5,2,12,84.60869774749803
5,1,13,86.58438946144426
5,2,13,86.78201265947426
5,1,14,85.7196953111826
5,2,14,84.80956778683365
5,1,15,87.30414691368648
5,2,15,86.29313741967565
5,1,16,85.02365470968672
5,2,16,83.48117203730841
5,1,17,84.52150068210908
5,2,17,84.24605221137178
5,1,18,84.73873486741466
5,2,18,83.79032416460737
5,1,19,86.41792109079853
5,2,19,86.21884516106374
5,1,20,85.78693549151994
5,2,20,86.47516773028293
5,1,21,86.1583272816797
5,2,21,85.5846745698259
5,1,22,84.18879459588783
5,2,22,85.91939878276466
5,1,23,86.56972646262655
5,2,23,86.51048871751509
5,1,24,86.03067586608633
5,2,24,85.3639197299541
5,1,25,84.87949286923111
5,2,25,84.44552125385451
5,1,26,87.17468444253305
5,2,26,84.85716349313324
5,1,27,84.2110237487888
5,2,27,87.05652446530071
5,1,28,86.03867157350103
5,2,28,84.97112607207752
5,1,29,83.81013316030646
5,2,29,85.49585616080844
5,1,30,84.25600432702072
5,2,30,86.14480944624874
5,1,31,83.8087380567225
5,2,31,86.07190895248935
5,1,32,86.63152077425971
5,2,32,84.26199512522864
5,1,33,86.2793691465863
5,2,33,86.89507777950907
5,1,34,86.93441054097525
5,2,34,86.70141859328855
5,1,35,87.06326241354007
5,2,35,85.59482859662377
5,1,36,86.22833074771646
5,2,36,84.20214429577737
5,1,37,86.0133547341541
5,2,37,84.49940483269356
5,1,38,87.6942101516079
5,2,38,85.26180474526043
5,1,39,86.35193870059415
5,2,39,85.80938713828773
5,1,40,86.0837480640453
5,2,40,86.94814815717764
5,1,41,87.84147348299393
5,2,41,83.76263263513385
5,1,42,84.64883867524983
5,2,42,85.48799810986691
5,1,43,85.88873701314759
5,2,43,85.50243273247956
5,1,44,86.70653129783962
5,2,44,87.37714852595225
5,1,45,84.69402210944925
5,2,45,84.15088742219922
5,1,46,86.65259920922398
5,2,46,85.24874198544421
5,1,47,86.41077736930988
5,2,47,85.47464818069017
5,1,48,86.1065070193053
5,2,48,86.43440248445201
5,1,49,85.97289049465074
5,2,49,88.11891698156656
5,1,50,87.19740009342945
5,2,50,85.0710067735383
5,1,51,84.6062897384935
5,2,51,88.46801511594842
5,1,52,85.76859694092947
5,2,52,85.05537381101647
6,1,1,85.36215109500463
6,2,1,85.80588848251863
6,1,2,86.05840074175877
6,2,2,86.34840161584293
6,1,3,84.33936828896769
6,2,3,84.45507005655321
6,1,4,86.08752457474941
6,2,4,85.44996930909076
6,1,5,83.79573879886544
6,2,5,86.1553478999708
6,1,6,84.50384286225177
6,2,6,85.60404630742664
6,1,7,83.40715155979542
6,2,7,82.72361622481637
6,1,8,85.18867785280847
6,2,8,83.08066014015053
6,1,9,86.49103306187055
6,2,9,84.05413101311605
6,1,10,83.84594936171005
6,2,10,86.63136096611625
6,1,11,85.5723056795
6,2,11,85.13237609811678
6,1,12,84.58680542043417
6,2,12,85.30926643355085
6,1,13,83.71130289686174
6,2,13,83.5865449426664
6,1,14,84.88165053884772
6,2,14,85.67973473168023
6,1,15,83.95974035290753
6,2,15,84.4572531898169
6,1,16,84.75437169642852
6,2,16,87.18341694847872
6,1,17,86.00295978030485
6,2,17,86.06474530461492
6,1,18,85.41546650964506
6,2,18,86.68557842224872
6,1,19,86.02739129293549
6,2,19,85.92929284840501
6,1,20,85.18646822799093
6,2,20,84.19980272204928
6,1,21,86.14449989760793
6,2,21,84.28731046164155
6,1,22,86.22982461932394
6,2,22,85.09036714699627
6,1,23,85.68189012605433
6,2,23,87.21079594997464
6,1,24,84.60142943968836
6,2,24,86.09270352332484
6,1,25,86.45039159377113
6,2,25,85.18035676497237
6,1,26,84.76789310026126
6,2,26,86.07750834692781
6,1,27,85.49051734870476
6,2,27,86.84403196281272
6,1,28,87.40931409209256
6,2,28,85.30205769891995
6,1,29,87.20848376389813
6,2,29,83.76615127282645
6,1,30,87.18526327708138
6,2,30,85.32275786787025
6,1,31,84.95546743838037
6,2,31,84.98903423426597
6,1,32,84.86636078061467
6,2,32,87.45588711537316
6,1,33,85.7007193345883
6,2,33,84.22972698192673
6,1,34,86.870772402164
6,2,34,84.28259836132771
6,1,35,85.74361049162727
6,2,35,85.28911705458216
6,1,36,84.89999904271188
6,2,36,84.7267147383239
6,1,37,85.29710266393
6,2,37,85.95685476313467
6,1,38,85.17748582061625
6,2,38,86.1234625540768
6,1,39,84.18082300015591
6,2,39,86.27965142260587
6,1,40,86.63953031617716
6,2,40,87.96305924898665
6,1,41,85.5556937025294
6,2,41,84.79903235360909
6,1,42,85.89054782835466
6,2,42,87.12748373497898
6,1,43,85.7480523612596
6,2,43,85.83327447800002
6,1,44,86.29401617172307
6,2,44,86.13468117127654
6,1,45,86.07197858713738
6,2,45,84.40616699272493
6,1,46,85.69047004641135
6,2,46,85.81635374369944
6,1,47,86.67016538671504
6,2,47,86.11986818066222
6,1,48,87.81588329683532
6,2,48,86.80715321765248
6,1,49,88.52876430457913
6,2,49,86.15725796169633
6,1,50,85.81034101696794
6,2,50,87.1888745940342
7,1,1,85.0692319223557
7,2,1,85.08708594662455
7,1,2,85.17123480642191
7,2,2,87.0786164906726
7,1,3,84.22535228277786
7,2,3,84.01104348451486
7,1,4,87.09093855589813
7,2,4,85.31105708552755
7,1,5,85.2009568036679
7,2,5,84.2557525136688
7,1,6,84.70630908295793
7,2,6,86.14815620409183
7,1,7,84.07376583556812
7,2,7,86.0722969711805
7,1,8,82.41326340041638
7,2,8,86.48216410814152
7,1,9,86.22869016171839
7,2,9,84.55193177384993
7,1,10,86.6149402064317
7,2,10,86.47775043111601
7,1,11,84.51197387235055
7,2,11,84.4412500351442
7,1,12,86.59409171984375
7,2,12,84.57504643181261
7,1,13,85.84384504405041
7,2,13,86.50225836741745
7,1,14,83.65944410910588
7,2,14,86.1359891238536
7,1,15,85.37196630476505
7,2,15,85.11285936420444
7,1,16,85.73023180798664
7,2,16,85.68690247098631
7,1,17,85.19226514289342
7,2,17,86.4825286006969
7,1,18,84.2845284390519
7,2,18,87.22688883470346
7,1,19,84.44164155777844
7,2,19,86.56834619934162
7,1,20,85.8536730812194
7,2,20,84.93032389556663
7,1,21,83.32669107739616
7,2,21,85.8750384384971
7,1,22,87.84886055118423
7,2,22,86.1276516605403
7,1,23,86.39990387510807
7,2,23,85.62098232350779
7,1,24,83.91525502867648
7,2,24,86.40091735156656
7,1,25,86.68992343633022
7,2,25,86.8353266018233
7,1,26,84.33207125740189
7,2,26,84.04920415176159
7,1,27,85.59791887780347
7,2,27,85.23130043895928
7,1,28,84.04051750624457
7,2,28,85.52985422925424
7,1,29,84.69591041614746
7,2,29,83.69402451260646
7,1,30,86.52771197732501
7,2,30,84.49843213859147
7,1,31,85.19259109715689
7,2,31,84.89575528191239
7,1,32,85.3856577498842
7,2,32,87.57901518831994
7,1,33,85.64668832415535
7,2,33,86.46811407034163
7,1,34,84.19833177025528
7,2,34,85.2795924772663
7,1,35,86.95193782134905
7,2,35,84.28083531353707
7,1,36,85.19121490361897
7,2,36,86.75480469166936
7,1,37,84.66306937292471
7,2,37,83.47419520270026
7,1,38,86.34668899839102
7,2,38,84.80127107224935
7,1,39,85.0673682887679
7,2,39,86.0873798159746
7,1,40,85.59815995275719
7,2,40,85.94507735038283
7,1,41,85.0731944242929
7,2,41,85.04250294831733
7,1,42,85.47556750112537
7,2,42,84.9296541885257
7,1,43,85.61016028940384
7,2,43,86.83313297793687
7,1,44,86.6017577544393
7,2,44,86.73622227507194
7,1,45,84.9711684603027
7,2,45,86.06876747248941
7,1,46,85.27053985760435
7,2,46,85.31803472489183
7,1,47,85.23698231392562
7,2,47,86.48464916943273
7,1,48,87.19600838534318
7,2,48,84.88752864913508
7,1,49,86.39890668232734
7,2,49,86.49437157750523
7,1,50,84.61017478475883
7,2,50,86.40077178523107
7,1,51,86.90810156317858
7,2,51,86.1450017279083
7,1,52,85.85445419202358
7,2,52,84.29524019439215
7,1,53,87.17150255598618
7,2,53,85.95285662685855
7,1,54,86.09200148416235
7,2,54,85.9468601640402
8,1,1,84.87864041119163
8,2,1,85.36238441320144
8,1,2,84.00353506902938
8,2,2,83.56138210554369
8,1,3,86.49145643839793
8,2,3,85.17530928760445
8,1,4,84.9372197147848
8,2,4,82.71171411297291
8,1,5,84.73294701898881
8,2,5,85.91056051519217
8,1,6,83.66642566395831
8,2,6,87.49903463361927
8,1,7,86.68023725011152
8,2,7,84.15528872997695
8,1,8,85.36844242695783
8,2,8,83.6653935824973
8,1,9,86.21825519714798
8,2,9,85.52748592678509
8,1,10,85.85085687299976
8,2,10,84.08731137060117
8,1,11,84.00315083358261
8,2,11,84.82753001645116
8,1,12,86.37279231784689
8,2,12,84.22858688946752
8,1,13,83.47167059003314
8,2,13,82.98481425094816
8,1,14,85.05818372540628
8,2,14,84.66068801929325
8,1,15,84.12002268652871
8,2,15,85.79145336668174
8,1,16,84.83219064335142
8,2,16,85.18960566724915
8,1,17,85.78610188144849
8,2,17,84.73717275969017
8,1,18,84.41519961945914
8,2,18,85.24691279278512
8,1,19,85.54296047506368
8,2,19,85.81675218460381
8,1,20,84.42203456969054
8,2,20,86.31253913151886
8,1,21,87.19244669457665
8,2,21,86.2419242683176
8,1,22,84.92100089532134
8,2,22,86.43213078387173
8,1,23,85.77264904820149
8,2,23,85.59405411577379
8,1,24,83.97457725250852
8,2,24,84.1271336092236
8,1,25,84.24083391551973
8,2,25,85.74099217043715
8,1,26,83.91418141639309
8,2,26,84.63717860065655
8,1,27,85.54656177777281
8,2,27,84.53420686949178
8,1,28,86.53161931804628
8,2,28,84.75174186581701
8,1,29,85.73143100081133
8,2,29,86.25340153204034
8,1,30,84.49938633354387
8,2,30,88.30446773972379
8,1,31,86.67380004984847
8,2,31,86.48234884575771
8,1,32,87.49239042011793
8,2,32,86.41413727576828
8,1,33,86.72527928325242
8,2,33,84.33032103512814
8,1,34,84.87132945267075
8,2,34,84.83900479385798
8,1,35,86.72802252647635
8,2,35,85.97134445803226
8,1,36,87.32039408210615
8,2,36,86.40969655292947
8,1,37,86.40485275796699
8,2,37,85.7911664621154
8,1,38,86.88392731048214
8,2,38,86.66941218467312
8,1,39,87.34262215379576
8,2,39,86.31406503071786
8,1,40,86.99316876062242
8,2,40,84.54971996265692
8,1,41,87.26137447715892
8,2,41,85.95947456251717
8,1,42,85.37709726164961
8,2,42,87.59607584708529
8,1,43,86.72087903460046
8,2,43,86.87205964205914
8,1,44,84.324921269091
8,2,44,84.38545765179124
8,1,45,86.67479895172588
8,2,45,84.50179463136112
8,1,46,87.26989905339138
8,2,46,85.22087712174003
8,1,47,86.82065843438343
8,2,47,84.08981909803711
8,1,48,86.8632814525088
8,2,48,85.95279051421257
8,1,49,84.8643173397894
8,2,49,86.84747730529057
8,1,50,88.19476565213526
8,2,50,86.0393512911916
9,1,1,84.44663196626973
9,2,1,84.4798856814683
9,1,2,85.72764236026592
9,2,2,84.49760055737649
9,1,3,84.15896843171163
9,2,3,84.42376606338095
9,1,4,84.61247012890291
9,2,4,85.48379971680482
9,1,5,85.09084124105924
9,2,5,86.06930625629161
9,1,6,84.78932560942314
9,2,6,84.77106474903415
9,1,7,84.22768055376339
9,2,7,84.29712277751248
9,1,8,86.23144971108638
9,2,8,84.97728047974235
9,1,9,85.44191295354001
9,2,9,83.56573569696569
9,1,10,87.06099465238186
9,2,10,84.8342386201653
9,1,11,84.42958245924542
9,2,11,85.84996078132966
9,1,12,86.84520460037545
9,2,12,87.53321381950056
9,1,13,84.6438899106135
9,2,13,85.46244774831695
9,1,14,84.96359550235294
9,2,14,85.41835802309399
9,1,15,86.21968578567555
9,2,15,86.61327167631093
9,1,16,86.42333216003064
9,2,16,84.63659364800091
9,1,17,85.62894275915701
9,2,17,86.19234119053152
9,1,18,85.75281795248677
9,2,18,83.50250581958167
9,1,19,84.12385140962046
9,2,19,85.63754779016446
9,1,20,83.676836580934
9,2,20,86.68580444763361
9,1,21,86.02684482315034
9,2,21,85.42276224854317
9,1,22,86.9990137937567
9,2,22,85.58712780416684
9,1,23,84.63990231577631
9,2,23,86.13264753998924
9,1,24,84.57172755565713
9,2,24,86.18268742209553
9,1,25,85.55739147992227
9,2,25,85.5368089378098
9,1,26,87.00234068418236
9,2,26,84.29602725567078
9,1,27,85.77803208953954
9,2,27,85.65682720303889
9,1,28,84.950825676564
9,2,28,83.82227825798238
9,1,29,86.2539442092013
9,2,29,85.62332044628423
9,1,30,84.98657031583164
9,2,30,87.16829211771808
9,1,31,85.13117071401847
9,2,31,87.61082223503006
9,1,32,87.35199539342175
9,2,32,84.35864568010118
9,1,33,84.85943398945194
9,2,33,84.42408858636797
9,1,34,86.48383223999426
9,2,34,86.23721206401686
9,1,35,84.69833477470057
9,2,35,85.11621412218287
9,1,36,86.09454503015367
9,2,36,85.29719153781217
9,1,37,85.075203686079
9,2,37,84.70365965461656
9,1,38,85.85170370814512
9,2,38,84.77266410145954
9,1,39,86.28581533576113
9,2,39,86.16191803788772
9,1,40,86.01000567524113
9,2,40,85.04218473677203
9,1,41,85.29990219885312
9,2,41,85.67800611095225
9,1,42,85.17522315920053
9,2,42,86.59170305476745
9,1,43,86.42536487423007
9,2,43,87.82984141661954
9,1,44,86.82964379801663
9,2,44,86.52150803586413
9,1,45,85.58954697666427
9,2,45,87.02150213920102
9,1,46,84.93302355106353
9,2,46,84.0446706067186
9,1,47,85.27581957619796
9,2,47,87.69558674954848
9,1,48,86.45938500931051
9,2,48,84.18675036234708
9,1,49,85.5882078113212
9,2,49,85.68225028162603
9,1,50,86.1568158421437
9,2,50,85.30069253993685
9,1,51,86.87705893669548
9,2,51,87.72364188001767
9,1,52,86.11493194450885
9,2,52,85.54339276391431
9,1,53,87.56863386424003
9,2,53,85.69312298620446
9,1,54,84.4009074830788
9,2,54,86.2197315802914
10,1,1,85.7898833290188
10,2,1,84.67238707194913
10,1,2,85.90348396334554
10,2,2,85.06345963072249
10,1,3,86.99212402176329
10,2,3,85.38356413869593
10,1,4,86.00912106276532
10,2,4,84.76133704168159
10,1,5,85.44494056905928
10,2,5,84.3231974808732
10,1,6,85.19076369608862
10,2,6,83.89374993604353
10,1,7,84.123923868538
10,2,7,84.86957764656935
10,1,8,86.10190848812017
10,2,8,84.78966537234436
10,1,9,86.21230535084308
10,2,9,83.92420731746542
10,1,10,85.07776124737538
10,2,10,86.0022082591054
10,1,11,85.54580412022604
10,2,11,83.62214060020438
10,1,12,84.4039524216806
10,2,12,84.45395295702052
10,1,13,84.53449486560041
10,2,13,85.95031425272347
10,1,14,85.81665248780625
10,2,14,86.99638892263145
10,1,15,84.34459360551635
10,2,15,85.15882171809822
10,1,16,85.8738477588859
10,2,16,85.6385735594134
10,1,17,86.4869537143296
10,2,17,86.86209502182373
10,1,18,85.5432521349127
10,2,18,86.42336038279153
10,1,19,86.57020392453825
10,2,19,86.34636202495246
10,1,20,87.05704410000078
10,2,20,85.00725883068075
10,1,21,84.84844000633657
10,2,21,84.70239655457385
10,1,22,85.74272002052712
10,2,22,85.3499407968188
10,1,23,86.36624556252906
10,2,23,86.22899828691871
10,1,24,85.00224124841402
10,2,24,85.2868660745893
10,1,25,84.45617636201041
10,2,25,84.59162737736571
10,1,26,85.03311831148488
10,2,26,83.63487128058173
10,1,27,86.40683367995175
10,2,27,85.23148512176472
10,1,28,85.47745554536951
10,2,28,84.21298442702835
10,1,29,84.58393722223943
10,2,29,85.76343267216369
10,1,30,86.19564149463535
10,2,30,87.72413830458122
10,1,31,85.0642611154713
10,2,31,84.99374647216956
10,1,32,86.78090749363852
10,2,32,85.85482864452459
10,1,33,87.57793014540117
10,2,33,86.29817145478741
10,1,34,86.32669033927236
10,2,34,84.15459919510357
10,1,35,84.80778273541185
10,2,35,83.23758403000237
10,1,36,85.34586209229892
10,2,36,84.16597757232289
10,1,37,86.55287239478629
10,2,37,86.17502492964044
10,1,38,84.99609861522718
10,2,38,85.12789802157822
10,1,39,87.02513020874603
10,2,39,86.90728232647145
10,1,40,84.76142197395166
10,2,40,83.88824930815679
10,1,41,84.75974305040106
10,2,41,85.66425800301457
10,1,42,85.3518863269939
10,2,42,86.73646456221327
10,1,43,85.93238033439451
10,2,43,86.88626077586346
10,1,44,86.18064505650814
10,2,44,85.06250662547298
10,1,45,87.2895280336316
10,2,45,87.44312087914916
10,1,46,85.0750114825835
10,2,46,85.11760517397103
10,1,47,87.45660295120786
10,2,47,86.03139869740458
10,1,48,84.73582948623059
10,2,48,86.40161553709983
10,1,49,83.97770072695023
10,2,49,86.15937317750435
10,1,50,83.86753461564034
10,2,50,86.45687653019708
10,1,51,87.00351916554773
10,2,51,84.9037374716327
10,1,52,86.0964916124653
10,2,52,85.71951148778737
10,1,53,87.45534775149915
10,2,53,85.42719698071869
10,1,54,83.99116900216605
10,2,54,86.63155403831098
10,1,55,86.21798069598253
10,2,55,84.7354245101336
11,1,1,84.56751895220702
11,2,1,85.13254315024867
11,1,2,84.8434020958881
11,2,2,84.05175280870787
11,1,3,85.6447655299153
11,2,3,83.2173589962587
11,1,4,85.80048899129673
11,2,4,86.31899592061929
11,1,5,85.65045926740831
11,2,5,83.51185205244455
11,1,6,84.2182252903758
11,2,6,86.12507772214111
11,1,7,85.67402389987036
11,2,7,86.182622259174
11,1,8,85.40844970796564
11,2,8,84.32371843601578
11,1,9,85.82135235321985
11,2,9,86.08563728440755
11,1,10,85.75904637400929
11,2,10,86.01254312856744
11,1,11,85.35515007766261
11,2,11,85.1657496081219
11,1,12,84.0322854447076
11,2,12,86.3960907929495
11,1,13,84.07936752580808
11,2,13,85.2801618530915
11,1,14,84.50834208279264
11,2,14,87.69803771336048
11,1,15,87.30096198789293
11,2,15,84.66903666150615
11,1,16,86.8604328989597
11,2,16,85.53864143818485
11,1,17,84.11625134705949
11,2,17,83.84486601238926
11,1,18,83.75035919368169
11,2,18,85.37355063894066
11,1,19,87.19904756936188
11,2,19,84.44512878636814
11,1,20,85.84503238006414
11,2,20,86.4811370038501
11,1,21,85.80218618553879
11,2,21,86.11419728793442
11,1,22,85.76448199027499
11,2,22,83.93320564024255
11,1,23,86.89330810706119
11,2,23,86.35168018807268
11,1,24,86.01592335784525
11,2,24,84.29749419301945
11,1,25,86.1784628748357
11,2,25,84.61761933081553
11,1,26,86.11667320174061
11,2,26,84.94838968123932
11,1,27,85.47072483582
11,2,27,85.99769586878354
11,1,28,85.51981556401095
11,2,28,84.73411809128638
11,1,29,83.86451672081859
11,2,29,85.41113220738738
11,1,30,84.86109470917289
11,2,30,84.92258391527022
11,1,31,86.15495695336179
11,2,31,83.8538083712608
11,1,32,85.90860681529668
11,2,32,86.84794709313752
11,1,33,86.9701350698202
11,2,33,86.04043043191756
11,1,34,84.5897183907494
11,2,34,85.24940607918728
11,1,35,84.25859089478617
11,2,35,87.78023563353943
11,1,36,85.36837168963223
11,2,36,85.91468378086454
11,1,37,86.44454774651604
11,2,37,87.48533387152368
11,1,38,84.70087129283405
11,2,38,88.54400727004436
11,1,39,85.87328353053574
11,2,39,86.9694024320914
11,1,40,87.64405934251663
11,2,40,85.65799217928884
11,1,41,86.70739180365327
11,2,41,84.56628757258741
11,1,42,87.17752209769284
11,2,42,86.53982307955499
11,1,43,84.617253861724
11,2,43,87.23281918599453
11,1,44,84.42083973203856
11,2,44,85.91017158082091
11,1,45,88.74307948605933
11,2,45,84.46825533341011
11,1,46,85.56233192894351
11,2,46,85.82980019305748
11,1,47,86.92521759682826
11,2,47,83.94834264493295
11,1,48,85.94437296986206
11,2,48,85.90384436505295
11,1,49,86.59058759856234
11,2,49,87.52171537544494
11,1,50,87.4517231663859
11,2,50,84.95169525638016
11,1,51,85.30090453676713
11,2,51,86.63263978701933
11,1,52,86.07147910637138
11,2,52,85.97484103823432
11,1,53,87.09800971149144
11,2,53,86.71959332173043
11,1,54,86.08864182161949
11,2,54,85.36648067759036
11,1,55,84.80015785075139
11,2,55,86.85799920721253
11,1,56,85.81544439930938
11,2,56,86.62926332366402
11,1,57,86.85188257985948
11,2,57,85.11121117984787
11,1,58,86.96620776121631
11,2,58,86.18442181806464
11,1,59,85.66817740407706
11,2,59,84.81024703023706
